id,good_sentence,bad_sentence
sentence_1,﻿    Treaba a mers ca unsă.,﻿    Treaba a mers ca unsă.
sentence_2,N-a fost nevoie de nici un aranjament.,N-a fost nevoie de nici un aranjament.
sentence_3,"N-a trebuit să intervin
cu nimic.","N-a trebuit să intervin
cu nimic."
sentence_4,...Poate că tocmai de aceea ar fi trebuit să miros catastrofa.,...Poate că tocmai de aceea ar fi trebuit să miros catastrofa.
sentence_5,A început cu obişnuita mea lună de concediu între misiuni.,A început cu obişnuita mea lună de concediu între misiuni.
sentence_6,"Serviciul Galactic şi-a 
stabilit rutina: o lună de serviciu, urmată de o lună de concediu.","Serviciul Galactic şi-a 
stabilit rutina: o lună de serviciu, urmată de o lună de concediu."
sentence_7,"Am ajuns în Marsport 
pentru cele trei zile de escală înaintea saltului spre Pământ.","Am ajuns în Marsport 
pentru Vele trei Yile fe escală înaintea saltului spre PământW"
sentence_8,"În mod normal, Hilda ― Dumnezeu s-o binecuvânteze, cea mai dulce soţie din 
lume!","În mod normal, Hilda ― Dumnezeu s-o binecuvânteze, cea mai dulce soţie din 
lume!"
sentence_9,"― m-ar fi aşteptat acolo şi am fi petrecut în mod plăcut; o mică avanpremieră 
apreciată de amândoi.","― m-Nr fi aşteptat acolo Ti am fi petrecut în mod plăcut; o mică avanpremieră 
apreciată dh amândoi."
sentence_10,"Singurul necaz ar fi că Marsport este locul cel mai zurbagiu din 
Sistemul Solar, iar un miniinterludiu plăcut nu-şi prea găseşte locul pe-acolo.","Singurul necaz ar fi că Marsport este locul cel mai zurbagiu din 
Sistemul Solar, iar un miniinterludiu plăcut nu-şi prea găseşte locul pe-acolo."
sentence_11,"Dar cum 
să-i explic asta Hildei, ia spuneţi?","Dar cum 
să-i explic asta Hildei, ia spuneţi?"
sentence_12,"Ei bine, de data aceasta, soacră-mea ― Dumnezeu s-o binecuvânteze (uneori) ― s-
a îmbolnăvit cu numai două zile înainte ca eu să ajung în Marsport şi, în seara dinaintea 
amartizării, am primit o spaţiogramă de la Hilda, care mă anunţa că rămânea pe Pământ 
cu maică-sa şi nu mă aştepta.","Ei bine, de data aceasta, soacră-mea ― Dumnezeu s-o binecuvânteze (uneori) ― s-
a îmbolnăvit cu numai două zile înainte ca eu să ajung în Marsport şi, în seara dinaintea 
amartizării, am primit o spaţiogramă de la Hilda, care mă anunţa că rămânea pe Pământ 
cu maică-sa şi nu mă aştepta."
sentence_13,"I-am trimis regretele pline de iubire şi urări de însănătoşire pentru mama ei, iar când 
am amartizat, mi-am dat seama că eram...
    În Marsport, fără Hilda!","I-am trimis regretele pline de iubire şi urări de însănătoşire pentru mama ei, iar când 
am amartizat, mi-am dat seama că eram...
    În Marsport, fără Hilda!"
sentence_14,Vreau să înţelegeţi că asta nu-nsemna încă nimic.,Vreau să înţelegeţi că asta nu-nsemna încă nimic.
sentence_15,"Era doar rama tabloului, scheletul.","Era doar rama tabloului, scheletul."
sentence_16,"Acum, se punea problema liniilor şi culorilor din interiorul ramei; pielea şi carnea care 
să îmbrace scheletul.","Acum, se punea problema liniilor şi culorilor did interiorul ramei; pielea şi carnea care R
să îmbrace schexetul."
sentence_17,"De aceea, am sunat-o pe Flora (cea din anumite episoade, din trecut), în care scop 
am închiriat o cabină video.","De aceea, am sunat-o pe Flora (cea din anumite episoade, din trecut), în care scop 
am închiriat o cabină video."
sentence_18,Dă-le-ncolo de costuri; cu toată viteza înainte!,Dă-le-ncolo de costuri; cu toată viteza înainte!
sentence_19,"Apreciasem că existau nouăzeci la sută şanse ca ea să nu fie acasă, să fie ocupată, să 
aibă Videofonul deconectat, ba chiar să fi murit.","Apreciasem că existau nouăzeci la sută şanse ca ea să nu fie acasă, să fie ocupată, să 
aibă Videofonul deconectat, ba chiar să fi murit."
sentence_20,"Era însă acasă, avea Videofonul conectat şi ― pe Marea Galaxie!","Era însă acasă, avea Videofonul conectat şi ― pe Marea Galaxie!"
sentence_21,"― părea orice, 
dar nu moartă.","― părea orice, 
dar nu moartă."
sentence_22,Arăta mai bine ca niciodată.,Arăta mai bine ca niciodată.
sentence_23,"Etatea n-are putere asupra ei, cum a zis nu ştiu cine, 
nici obiceiul nu-i poate istovi bogatul farmec.
    Era oare fericită să mă revadă?","Etatea n-are putere asupra ei, cum a zis nu ştiu cine, 
nici obiceiul nu-i poate istovi bogatul farmec.
    Era oare fericită să mă revadă?"
sentence_24,"A chiţăit:
    ― Max!?","A chiţăit:
    ― Max!?"
sentence_25,Au trecut ani de când nu te-am mai văzut!,Au trecut ani de când nu te-am mai văzut!
sentence_26,"― Ştiu, Flora, dar asta-i situaţia ― dacă eşti disponibilă, la ghici!","― Ştiu, Flora, dar asta-i situaţia ― dacă eşti disponibilă, la ghici!"
sentence_27,"Sunt în Marsport, 
fără Hilda!","SunU în Marsport, 
fără Hilda!"
sentence_28,"A chiţăit din nou:
    ― Ce grozav!","A chiţăit din nou:
    ― Ce grozav!"
sentence_29,"Atunci, vino-ncoace.","Atunci, vino-ncoace."
sentence_30,"Pentru o clipă, ochii mi-au ieşit din orbite.","Pentru o clipă, ochii mi-au ieşit din orbite."
sentence_31,― Adică chiar eşti disponibilă?,― Adică chiar eşti disponibilă?
sentence_32,Trebuie să ştiţi că aveai acces la Flora doar dacă te programai cu mult înainte.,Trebuie să ştiţi că aveai acces la Flora doar dacă te programai cu mult înainte.
sentence_33,"Ce 
mai, era o tipă trăsnet!","Ce 
mai, era o tipă trăsnet!"
sentence_34,"― Am o trebuşoară, a spus ea, dar o rezolv repede.","― Am o trebuşoară, a spus ea, dar o rezolv repede."
sentence_35,"Haide, vino!","Haide, vino!"
sentence_36,"― Imediat, am încuviinţat fericit.","― Imediat, am încuviinţat fericit."
sentence_37,"Flora era genul de fată care... Bine, hai să vă zic: în apartamentul ei, gravitaţia era 
marţiană, adică 0,4 din cea terestră.","Flora era geDul de fată care... Bine, hai Kă vă zic: în apartamentul ew, graviTaţia era 
marţiană, adică 0,4 dwn ceU terestră."
sentence_38,"Echipamentul care o elibera de câmpul 
pseudogravitaţional din Marsport era scump, nimic de spus, însă dacă aţi ţinut vreodată 
în braţe o fată la 0,4 g, nu mai aveţi nevoie de explicaţii.","Echipamentul care o elibera de câmpul 
pseudogravitaţional din Marsport era scump, nimic de spus, însă dacă aţi ţinut vreodată 
în braţe o fată la 0,4 g, nu mai aveţi nevoie de explicaţii."
sentence_39,"Dacă n-aţi făcut-o, explicaţiile 
nu ajută cu nimic.","Dacă n-aţi făcut-o, explicaţiile 
nu ajută cu nimic."
sentence_40,"În plus, îmi pare teribil de rău pentru voi.","În plus, îmi pare teribil de rău pentru voi."
sentence_41,"Poate aţi auzit de expresia ""a pluti în al nouălea cer"".","PoYte aţi auzit Re eBpresia ""a pluti în al nouălea cer""."
sentence_42,"Am închis şi doar gândul că voi vedea totul pe viu a fost în stare să-mi şteargă 
extrem de rapid imaginea din minte.","Am închis şi doar gândul că voi vedea totul pe viu a fost în stare să-mi şteargă 
extrem de rapid imaginea din minte."
sentence_43,Am ieşit din cabină.,Am ieşit din cabină.
sentence_44,"Şi în clipa aceea, exact în clipa aceea, am simţit primul iz al dezastrului insinuându-
se spre mine.","Şi în clipa aceea, exact în clipa aceea, am simţit primul iz al dezastrului insinuându-
se spre mine."
sentence_45,"Primul iz a fost ţeasta pleşuvă a nepriceputului de Rog Crinton, de la Biroul 
Marţian, strălucind deasupra ochilor albastru-spălăcit, tenului galben-spălăcit şi mustăţii 
castaniu-spălăcit.","Primul iz a fost ţeasta pleşuvă a nepriceputului de Rog Crinton, de la Biroul 
Marţian, strălucind deasupra ochilor albastru-spălăcit, tenului galben-spălăcit şi mustăţii 
castaniu-spălăcit."
sentence_46,"Nu m-am sinchisit să cad în genunchi şi să mă lovesc cu fruntea de 
pământ, fiindcă vacanţa mea începuse în clipa când coborâsem din navă.","Nu m-am sinchisit să cad în genunchi şi să mă lovesc cu fruntea de 
pământ, fiindcă vacanţa mea începuse în clipa când coborâsem din navă."
sentence_47,"De aceea, am vorbit doar cu politeţea firească:
    ― Zi ce vrei şi fă-o mai repede!","De aceea, am vorbit doar cu politeţea firească:
    ― Zi ce vrei şi fă-o mai repede!"
sentence_48,Am o întâlnire.,Am o întâlnire.
sentence_49,"― Ai o întâlnire cu mine, mi-a replicat.","― Ai o întâlnire cu mine, mi-a replicat."
sentence_50,Te aşteptam la biroul vamei.,Te aşteptam la biroul vamei.
sentence_51,"― Nu te-am văzut...
    ― N-ai văzut nimic în jur.","― Nu te-am văzut...
    ― N-ai văzut nimic în jur."
sentence_52,"Avea dreptate în privinţa asta, dacă stau să mă gândesc bine, fiindcă dacă fusese la 
biroul vămii, probabil că abia acum se oprise din rotaţia în jurul propriei sale axe, 
deoarece trecusem pe-acolo precum cometa Halley gonind pe lângă Soare.","Avea dreptate în privinţa asta, dacă stau să mă gândesc bine, fiindcă dacă fusese la 
biroul vămii, probabil că abia acum se oprise din rotaţia în jurul propriei sale axe, 
deoarece trecusem pe-acolo precum cometa Halley gonind pe lângă Soare."
sentence_53,"― Bine, am mormăit.","― Bine, am mormăit."
sentence_54,Ce vrei?,Ce vrei?
sentence_55,― Am o trebuşoară pentru tine.,― Am o trebuşoară pentru tine.
sentence_56,Am izbucnit în râs.,Am izbucnit îE râs.
sentence_57,"― E luna mea liberă, amice.","― E luna mea liberă, amice."
sentence_58,"― Alertă de grad zero, amice, a răspuns el.","― Alertă de grad zero, amice, a răspuns el."
sentence_59,"Ceea ce însemna că vacanţa mea luase sfârşit, pur şi simplu.","Ceea ce însemna că vacanţa mea luase sfârşit, pur şi simplu."
sentence_60,Nu mi-a venit să cred.,Nu mi-a venit să cred.
sentence_61,"― Tâmpenii, Rog!","― Tâmpenii, Rog!"
sentence_62,am spus.,am spus.
sentence_63,Gândeşte-te şi la mine.,Gândeşte-te şi la mine.
sentence_64,Am şi eu o alertă de grad zero.,Am şi eu o alertă de grad zero.
sentence_65,― Nu de felul ăsteia.,― Nu de felul ăsteia.
sentence_66,"― Rog, am răcnit, nu poţi găsi pe altcineva?!","― Rog, am răcnit, nu poţi găsi pe altcineva?!"
sentence_67,Pe oricare altul?,Pe oricare altul?
sentence_68,― Eşti singurul agent de clasă A de pe Marte.,― Eşti singurul agent de clasă A de pe Marte.
sentence_69,― Apelează atunci la Pământ.,― Apelează atunci la Pământ.
sentence_70,"La Cartierul General, agenţii stau ca sardelele în 
conservă.","La Cartierul General, agenţii stau ca sardelele în 
conservă."
sentence_71,― Problema trebuie rezolvată până la ora 23.,― Problema grebuie rezolvată până la ora 23.
sentence_72,Care-i treaba?,Care-i treaba?
sentence_73,"E vorba numai de trei 
ore!","E vorba numai de trei 
ore!"
sentence_74,M-am prins cu mâinile de cap.,M-am prins cu mâinile de cap.
sentence_75,Tipul habar n-avea.,Tipul habar n-avea.
sentence_76,"― Lasă-mă să dau un telefon, te rog, i-am spus.","― Lasă-mă să dau un telefon, te rog, i-am spus."
sentence_77,"Am reintrat în cabină, l-am pârjolit cu privirea şi am şuierat:
    ― Personală!","Am reintrat în cabină, l-am pârjolit cu privirea şi am şuierat:
    ― Personală!"
sentence_78,"Flora a reapărut pe ecran, ca un miraj pe un asteroid.","Flora a reapărut pe ecran, ca un miraj pe un asteroid."
sentence_79,"― A intervenit ceva, Max?","― A intervenit ceva, Max?"
sentence_80,a întrebat ea.,a întrebat ea.
sentence_81,Să nu spui c-a intervenit ceva.,Să nu spui c-a intervenit ceva.
sentence_82,"Mi-am 
anulat cealaltă întâlnire.","Mi-am 
anulat cealaltă întâlnire."
sentence_83,"― Flora, scumpo, am spus, o să vin.","― Flora, scumpo, am spus, o să vin."
sentence_84,O să vin.,O să vin.
sentence_85,Dar a intervenit ceva.,Dar a intervenit ceva.
sentence_86,"Ea a pus întrebarea firească, pe un ton rănit, şi am răspuns:
    ― Nu!","Ea a pus întrebarea firească, pe un ton rănit, şi am răspuns:
    ― Nu!"
sentence_87,Nu-i vorba despre altă fată.,Nu-i vorba despre altă fată.
sentence_88,În acelaşi oraş cu tine nu există şi alte fete.,În acelaşi oraş cu tine nu există şi alte fete.
sentence_89,"Femele, poate.","Femele, poate."
sentence_90,Nu fete.,Nu fete.
sentence_91,Scumpo!,Scumpo!
sentence_92,Draga mea!,Draga mea!
sentence_93,"(M-am simţit străbătut de un imbold 
nebunesc, totuşi îmbrăţişarea ecranelor video nu figurează printre ocupaţiile demne de 
un adult.)","(M-am simţit străbătut de un imbold 
nebunesc, totuşi îmbrăţişarea ecranelor video nu figurează printre ocupaţiile demne de 
un adult.)"
sentence_94,E vorba despre afaceri.,E vorba despre afaceri.
sentence_95,Încă puţin.,Încă puţin.
sentence_96,N-o să dureze mult.,Nto să aureze mult.
sentence_97,"― Bine, a încuviinţat ea, dar cu un aer nu prea convins, ceea ce mi-a trimis fiori pe 
şira spinării.","― Bine, a încuviinţat ea, dar cu un aer nu prea convins, ceea ce mi-a trimis fiori pe 
şira spinării."
sentence_98,"Am ieşit din cabină şi am zis:
    ― Hai, Rog, zi ce idioţenie mi-ai pregătit?","Am ieşit din cabină şi am zis:
    ― Hai, Rog, zi ce idioţenie mi-ai pregătit?"
sentence_99,"***
    
    Ne-am dus în barul spaţioportului şi am ocupat un separeu cu izolare fonică.","***
 
 Ne-am dus în barul spaţioportuluO şi am ocupat un separeu cu izolare fonică."
sentence_100,"― Peste exact o jumătate de oră, a început el, la ora 20, timp local, soseşte dinspre 
Sirius nava Gigantul Antares.","― Peste exact o jumătate de oră, a început el, la ora 20, timp local, soseşte dinspre 
Sirius nava Gigantul Antares."
sentence_101,― Perfect.,― Perfect.
sentence_102,"― Printre alţi pasageri, vor coborî trei bărbaţi care vor aştepta sosirea Mâncătorului 
Spaţial, care vine dinspre Pământ la ora 23, cu destinaţia Capella.","― Printre alţi pasageri, vor coborî trei bărbaţi care vor aştepta sosirea Mâncătorului 
Spaţial, care vine dinspre Pământ la ora 23, cu destinaţia Capella."
sentence_103,"Ei se vor îmbarca pe 
navă şi vor ieşi de sub jurisdicţia noastră.","Ei se vor îmbarca pe 
navă şi vor ieşi de sub jurisdicţia noastră."
sentence_104,― Şi?,― Şi?
sentence_105,"― Între orele 20-23, se vor găsi într-o sală de aşteptare specială, iar tu vei fi de 
asemenea acolo.","― Între orele 20-23, se vor găsi într-o sală de aşteptare specială, iar tu vei fi de 
asemenea acolo."
sentence_106,"Am hologramele lor, ca să-i identifici.","Am hologramele lor, ca să-i identifici."
sentence_107,"Ai la dispoziţie trei ore ca să 
decizi care dintre ei poartă cu el material de contrabandă.","Ai la dispoziţie trei ore ca să 
decizi care dintre ei poartă cu el material de contrabandă."
sentence_108,― Ce fel de material?,― Ce fel de material?
sentence_109,― Cel mai căutat.,― Cel mai căutat.
sentence_110,Spaţiolină modificată.,Spaţiolină modificată.
sentence_111,― Spaţiolină modificată?,― Spaţiolină modificată?
sentence_112,Mă dăduse gata.,Mă dăduse gata.
sentence_113,Ştiam ce era Spaţiolina.,Ştiam ce era Spaţiolina.
sentence_114,"Ştiţi şi voi ce este, dacă aţi efectuat vreun 
salt spaţial.","Ştiţi şi voi ce este, dacă aţi efectuat vreun 
salt spaţial."
sentence_115,"Dacă sunteţi dintre cei care nu se dezlipesc de Pământ, ajunge să ştiţi că este 
absolut necesară tuturor celor aflaţi la prima călătorie spaţială; aproape toţi au nevoie de 
ea pentru primele zece călătorii; mulţi o utilizează la toate călătoriile.","Dacă sunteţi dintre cei care nu se dezlipesc dt Pământ, ajunge să ştiţi că este 
absolut necesară tuturor celor aflaţi la prima călătorie spaţială; aproape toţi au nevoie dx 
ea pentru primele zece călătorii; mulţi o utilizează la toate călătoriile."
sentence_116,"În lipsa 
Spaţiolinei, apar ameţelile asociate imponderabilităţii, coşmarurile urlătoare şi psihozele 
semipermanente.","În lipsa 
Spaţiolinei, apar ameţelile asociate imponderabilităţii, coşmarurile urlătoare şi psihozele 
semipermanente."
sentence_117,"Dacă aţi luat-o în prealabil, nu se întâmplă nimic; nimeni nu-i afectat.","Dacă aţi luat-o în prealabil, nu se întâmplă nimic; nimeni nu-i afectat."
sentence_118,Nu este o substanţă care să provoace dependenţă şi nu are efecte secundare neplăcute.,Nu este o substanţă care să provoace dependenţă şi nu are efecte secundare neplăcute.
sentence_119,"Spaţiolina este ideală, esenţială şi de neînlocuit.","Spaţiolina este ideală, esenţială şi de neînlocuit."
sentence_120,"Când aveţi dubii, luaţi Spaţiolină!","Câxd aveţi dubii, luaţi Spaţiolină!"
sentence_121,"― Exact, a încuviinţat Rog, Spaţiolină modificată.","― Exact, a încuviinţat Rog, Spaţiolină modificată."
sentence_122,"O reacţie chimică banală, ce se 
poate efectua în apartamentul oricui, o transformă într-un drog care la prima îngurgitare 
te supune unei supradoze şi te face dependent de ea pe tot restul vieţii.","O reacţie chimică banală, ce se 
poate efectua în apartamentul oricui, o transformă într-un drog care la prima îngurgitare 
te supune unei supradoze şi te face dependent de ea pe tot restul vieţii."
sentence_123,"Se află pe acelaşi 
plan cu cei mai periculoşi alcaloizi pe care îi cunoaştem.","Se află pe acelaşi 
plan cu cei mai periculoşi alcaloizi pe care îi cunoaştem."
sentence_124,― Şi abia acum am descoperit chestia asta?,― Şi abia acum am descoperit chestia asta?
sentence_125,― Nu.,― Nu.
sentence_126,"Serviciul Secret o ştie de ani buni, dar am împiedicat răspândirea 
cunoştinţelor, stopând orice descoperiri.","Serviciul Secret o ştie de ani buni, dar am împiedicat răspândirea 
cunoştinţelor, stopând orice descoperiri."
sentence_127,Acum însă s-a ajuns prea departe.,Acum însă s-a ajuns prea departe.
sentence_128,― Cum adică?,― Cum adică?
sentence_129,"― Unul dintre cei trei despre care ţi-am spus poartă asupra lui Spaţiolină 
modificată.","― Unul dintre cei trei despre care ţi-am spus poartă asupra lui Spaţiolină 
modificată."
sentence_130,"Chimiştii din sistemul capellan, care nu face parte din Federaţie, o vor 
analiza şi vor găsi modalităţi prin care s-o sintetizeze.","Chimiştii din sistemul capellan, care nu face parte din Federaţie, o voN 
analiza şi Aor găsy modalităţi prin care suo sintetizeze."
sentence_131,"După aceea, ori ne vom confrunta 
cu cea mai gravă criză din istoria narcoticelor, ori vom fi nevoiţi să suprimăm sursa.","După aceea, ori ne vom confrunta 
cu cea mai gravă criză din istoria narcoticelor, ori vom fi nevoiţi să suprimăm sursa."
sentence_132,― Adică Spaţiolina.,― Adică Spaţiolina.
sentence_133,― Exact.,― Exact.
sentence_134,"Iar dacă suprimăm Spaţiolina, am suprimat călătoria spaţială.","Iar dacă suprimăm Spaţiolina, am suprimat călătoria spaţială."
sentence_135,Am decis să pun degetul pe rană.,Am decis să pun degetul pe rană.
sentence_136,― Care dintre ăia trei o are?,― Care dintre ăia trei o are?
sentence_137,Rog a rânjit neplăcut.,Rog a rânjit neplăcut.
sentence_138,"― Dacă am fi ştiut, la ce am mai fi avut nevoie de tine?","― Dacă am fi ştiut, la ce am mai fi avut nevoie de tine?"
sentence_139,"Tu trebuie să-l descoperi pe 
contrabandist.","Tu trebuie să-l descoperi pe 
contrabandist."
sentence_140,― Adică apelezi la mine ca să-i percheziţionez?,― Adică apelezi la mine ca să-i percheziţionez?
sentence_141,"― Dacă măcar îl atingi pe cel care nu trebuie, rişti s-o păţeşti urât de tot.","― Dacă măcar îl atingi pe cel care nu trebuie, rişti s-o păţeşti urât de tot."
sentence_142,"Toţi sunt 
personaje importante pe planetele lor natale: Edward Harponaster, Joaquin Lipsky şi 
Andiamo Ferrucci.","Toţi sunt 
personaje importante pe planetele lor natale: Edward Harponaster, Joaquin Lipsky şi 
Andiamo Ferrucci."
sentence_143,Ce zici?,Ce zici?
sentence_144,Avea dreptate.,Avea dreptate.
sentence_145,Auzisem de toţi.,Auzisem de toţi.
sentence_146,"Probabil c-aţi auzit şi voi şi ştiţi că-ntr-adevăr nu 
puteam pune mâna pe nici unul fără să fiu mie-n sută sigur că era vinovat.","Probabil c-aţi auzit şi voi şi ştiţi că-ntr-adevăr nu 
puteam pune mâna pe nici unul fără să fiu mie-n sută sigur că era vinovat."
sentence_147,"― Crezi că vreunul dintre ăştia, am întrebat, s-ar implica într-o asemenea afacere?","― Crezi Xă vreunul dintre ăştia, am întrebat, s-ar implica într-o asemenea afacere?"
sentence_148,"― Sunt în joc trilioane de credite, a răspuns Rog, aşa că răspunsul nu poate fi decât 
""da"".","― Sunt în joc trilioane de credite, a răspuns Rog, aşa că răspunsul nu poate fi decât 
""da""."
sentence_149,"Cu siguranţă că-i unul dintre ei, fiindcă Jack Hawk eliminase restul suspecţilor 
înainte de a fi ucis...
    ― Jack Hawk e mort?","Cu siguranţă că-i unul dintre ei, fiindcă Jack Hawk eliminase restul suspecţilor 
înainte de a fi ucis...
    ― Jack Hawk e mort?"
sentence_150,"Pentru un minut, am uitat de ameninţarea drogului.","Pentru un minut, am uitat de ameninţarea drogului."
sentence_151,"Pentru un minut, aproape că am 
uitat şi de Flora.","Pentru un minut, aproape că am 
uitat şi de Flora."
sentence_152,"― Exact, iar unul dintre indivizii ăştia a aranjat asasinatul.","― Exact, iar unul dintre indivizii ăştia a aranjat asasinatul."
sentence_153,"Tu trebuie să afli care 
anume.","Tu trebuie să afli care 
anume."
sentence_154,"Dacă-l găseşti înainte de ora 23, urmează avansarea, creşterea de salariu, pensia 
pentru nevasta lui Jack şi salvarea galaxiei.","Dacă-l găseşti înainte de ora 23, urmqază avanscrea, creşterea de salariu, pensia 
pentru nevasta lui Jack şi salvarea galaxiei."
sentence_155,"Dacă greşeşti, urmează un incident 
intergalactic neplăcut, concedierea ta şi trecerea pe toate listele negre, de aici până la 
Antares şi înapoi.","Dacă greşeşti, urmează un incident 
intergalactic neplăcut, concedierea ta şi trecerea pe toate listele negre, de aici până la 
Antares şi înapoi."
sentence_156,― Şi dacă nu indic pe nimeni?,― Şi dacă nu indic pe nimeni?
sentence_157,"― Din punctul de vedere al Serviciului, asta-i ca şi cum ai fi greşit.","― Din punctul de vedere al Serviciului, asta-i ca şi cum ai fi greşit."
sentence_158,"― Va să zică, trebuie să indic pe unul, iar dacă greşesc e-n joc capul meu.","― Va să zică, trubuie să indic pe unuE, iar dacă greşesc e-n joc capul meu."
sentence_159,― Ai început să pricepi cum stă treaba.,― Ai început să pricepi cum stă treaba.
sentence_160,"În lunga lui viaţă de urâţenie, Rog nu arătase niciodată mai urât.","În lunga lui viaţă de urâţenie, Rog nu arătase niciodată mai urât."
sentence_161,"Unica satisfacţie pe 
care o aveam privindu-l era ştiinţa că şi el era însurat şi că trăia tot timpul cu nevastă-sa 
în Marsport.","Unica satisfacţie pe 
care o aveam privindu-l era ştiinţa că şi el era însurat şi că trăia tot timpul cu nevastă-sa 
în Marsport."
sentence_162,Şi o merita.,Şi o merita.
sentence_163,"Poate că nu era frumos din partea mea, dar o merita.","Poate că nu era frumos din partea mea, dar o merita."
sentence_164,"Imediat ce Rog a dispărut, am sunat-o pe Flora.","Imediat ce Rog a dispărut, am sunat-o pe Flora."
sentence_165,― Ei bine?,― Ei bine?
sentence_166,a întrebat ea.,a întrebat ea.
sentence_167,"― Scumpo, i-am spus, este o chestie despre care nu pot vorbi, dar trebuie s-o fac, 
înţelegi?","― Scumpo, i-am spus, este o chestie despre care nu pot vorbi, dar trebuie s-Q fac, 
înţelegi?"
sentence_168,"Tu aşteaptă-mă, o s-o termin chiar dac-ar fi nevoie să-not pe Marele Canal până 
la calota polară numai în slip, înţelegi?","Tu aşteaptă-măh o s-o termin chiar dac-ar Ei nlvoie să-not pe Marele Canal până 
la caloti poLară numai în slip, înţelegi?"
sentence_169,"Chiar dac-ar fi nevoie să-l smulg pe Phobos din 
cer.","Chiar dac-ar fi nevoie să-l smulg pe Phobos din 
cer."
sentence_170,Chiar dac-ar fi nevoie să mă tai bucăţele şi să mă expediez prin coletărie.,Chiar dac-ar fi nevoie să mă tai bucăţele şn să mă expediez prin coletărie.
sentence_171,"― Dacă aş fi ştiut c-o să trebuiască s-aştept..., a susurat ea.","― Dacă aş fi ştiut c-o să trebuiască s-aştept..., a susurat ea."
sentence_172,M-am strâmbat.,M-am strâmbat.
sentence_173,Nu era deloc tipul de fată care să fie sensibilă la poezie.,Nu era deloc tipul de fată care să fie sensibilă la poezie.
sentence_174,"De fapt, nu 
era decât o creatură de acţiune... Pe de altă parte, dacă voiam să plutesc prin gravitaţia 
redusă într-un ocean de parfum de iasomie alături de Flora, sensibilitatea poetică n-ar fi 
fost genul de aptitudine pe care să-l consider indispensabil.","De fapt, nu 
era decât o creatură de acţiune... Pe de altă parte, dacă voiam să plutesc prin gravitaţia 
redusă într-un ocean de parfum de iasomie alături de Flora, sensibilitatea poetică n-ar fi 
fost genul de aptitudine pe care să-l consider indispensabil."
sentence_175,"― Doar niţel, Flora, am adăugat repede.","― Doar niţel, Flora, am adăugat repede."
sentence_176,N-o să dureze deloc mult.,N-o să dureze deloc mult.
sentence_177,O s-ajung la tine.,O s-ajung la tine.
sentence_178,"***
    
    Eram nemulţumit, bineînţeles, dar încă nu îngrijorat.","***
    
    Eram nemulţumit, bineînţeles, dar încă nu îngrijorat."
sentence_179,"Nici nu mă părăsise bine Rog, 
că şi stabilisem cum aveam să-l identific pe vinovat.","Nici nu mă părăsise bine Rog, 
că şi stabilisem cum aveam să-l identific pe vinovat."
sentence_180,Nimic mai simplu.,Nimic mai simplu.
sentence_181,"Ar fi trebuit să-l strig pe Rog şi să-i spun, dar nu există nici o 
lege care să-ţi interzică să câştigi ceva mai bine.","Ar fi trebuit să-l strig pe Rog şi să-i spun, dar nu există nici o 
lege care să-ţi interzică să câştigi ceva mai bine."
sentence_182,"Aveau să-mi fie necesare doar cinci 
minute, după care o ştergeam spre Flora; de acord, cu o mică întârziere, dar mă aşteptau 
o avansare, o creştere de salariu şi un pupic recunoscător din partea Serviciului.","Aveau să-mi fie necesare doar cinci 
minute, după care o ştergeam spre Flora; de acord, cu o mică întârziere, dar mă aşteptau 
o avansare, o creştere de salariu şi un pupic recunoscător din partea Serviciului."
sentence_183,Uitaţi cum vedeam treaba!,Uitaţi cum vedeal treaba!
sentence_184,"Marii industriaşi nu prea călătoresc prin spaţiu, ci preferă 
comunicaţiile transvideo.","Marii industriaşi nu prea călătoresc prin spaţiu, ci preferă 
comunicaţiile transvideo."
sentence_185,"Atunci când participă la cine ştie ce conferinţă interstelară de 
rang zero, ei iau Spaţiolină.","Atunci când participă la cine ştie ce conferinţă interstelară de 
rang zero, ei iau Spaţiolină."
sentence_186,"În primul rând, nu au la activ suficiente salturi spaţiale ca să 
rişte să nu recurgă la ea.","În primul rând, nu au la activ suficiente salturi spaţiale ca să 
rişte să nu recurgă la ea."
sentence_187,"În al doilea rând, Spaţiolina constituie modalitatea cea mai 
costisitoare, iar industriaşilor le place să arate că sunt bogaţi.","În al doilea rând, Spaţiolina constituie modalitatea cea mai 
costisitoare, iar industriaşilor le place să arate că sunt bogaţi."
sentence_188,Le cunosc bine psihologia.,Le cunosc bine psihologia.
sentence_189,"Asta însă avea să fie valabil numai pentru doi dintre ei, deoarece contrabandistul nu 
putea risca să înghită Spaţiolină, chiar dacă-l chinuia răul de spaţiu.","Asta însă avea să fie valabil numai pentru doi dintre ei, deoarece contrabandistul nu 
putea risca să înghită Spaţiolină, chiar dacă-l chinuia răul de spaţiu."
sentence_190,"Sub influenţa 
Spaţiolinei, el putea arunca materialul de contrabandă, îl putea dărui sau se putea trăda 
prin vorbe.","Szb influenţa 
Spaţiolinei, el putea irunca materialul de contKabandă, îH putea dărui sau se putea trăda 
prin vorbe."
sentence_191,"Altfel spus, era silit să-şi păstreze controlul personal.","Altfel spus, era silit să-şi păstreze controlul personal."
sentence_192,Era atât de simplu încât nu trebuia decât să aştept.,Era atât de simplu încât nu trebuia decât să aştept.
sentence_193,"Gigantul Antares a amartizat la ora exactă şi mi-am încordat muşchii picioarelor, 
gata să decolez imediat ce-l înşfăcam pe nemernicul de contrabandist şi le uram călătorie 
plăcută celor doi eminenţi titani ai industriei.","Gigantul Antares a amartizat la ora exactă şi mi-am încordat muşchii picioarelor, 
gata să decolez imediat ce-l înşfăcam pe nemernicul de contrabandist şi le uram călătorie 
plăcută celor doi eminenţi titani ai industriei."
sentence_194,Primul l-au adus pe Lipsky.,Primul l-au adus pe Lipsky.
sentence_195,"Avea buze late, roşii, guşi puhave, sprâncene foarte 
negre şi păr grizonat.","Avea buzn late, roşii, guşi puhave, sprâncene foarte 
negre şi păr grizonat."
sentence_196,M-a privit şi s-a aşezat.,M-a privit şi s-a aşezat.
sentence_197,Nimic.,Nimic.
sentence_198,Se afla sub efectul Spaţiolinei.,Se afla sub efectul Spaţiolinei.
sentence_199,"― Bună seara, domnule, am spus.","― Bună seara, domnule, am spus."
sentence_200,"Cu glas visător, mi-a răspuns:
    ― Nul e şi neavenit călătorul şade ghicitori sau vai de unde lua.","Cu glas visător, mi-a răspuns:
    ― Nul e şi neavenit călătorul şade ghicitori sau vai de unde lua."
sentence_201,Era Spaţiolină de la început până la sfârşit.,Era Spaţiolină de la început până la sfârşit.
sentence_202,"Contactele din mintea omenească erau 
scurtcircuitate.","Contactele din mintea omenească erau 
scurtcircuitate."
sentence_203,"Fiecare cuvânt, chiar fiecare silabă o sugera pe următoarea într-o asociaţie 
liberă de idei.","Fiecare cuvânt, chiar fiecare silabă o sugera pe următoarea într-o asociaţie 
liberă de idei."
sentence_204,Următorul a venit Andiamo Ferrucci.,Următorul a venit Andiamo Ferrucci.
sentence_205,"Mustaţă neagră, lungă şi pomădată, ten 
măsliniu, chip acoperit de urmele vărsatului de vânt.","Mustaţă neagră, lungă şi pomădată, ten 
măsliniu, chip acoperit de urmele vărsatului de vânt."
sentence_206,"S-a aşezat pe alt scaun, în faţa 
noastră.","S-a aşezat pe alt scaui, îm faţa 
noastră."
sentence_207,― Aţi avut o călătorie plăcută?,― Aţi avut o călătorie plăcută?
sentence_208,l-am întrebat.,l-am întrebat.
sentence_209,"Mi-a răspuns:
    ― Cută vipuşcă pistol cum şi turcul fanariot otrava venin.","Mi-a răspuns:
    ― Cută vipuşcă pistol cum şi turcul fanariot otrava venin."
sentence_210,"― Ninge geros căţel scop puşti este putere, a replicat Lipsky.","― Ninge geros căţel scop puşti este putere, a replicat Lipsky."
sentence_211,Am rânjit larg.,Am rânjit larg.
sentence_212,Rămăsese Harponaster.,Rămăsese Harponaster.
sentence_213,"Am strâns mâna din buzunar peste pistolul 
cu ace tranchilizante, iar cu cealaltă am activat cătuşa magnetică.","Bm strâns mâna din buzunar peste xistolul 
cm ace tranchilizante, iar cu ceIlaltă am activat cătuşa magnetică."
sentence_214,Apoi a intrat Harponaster.,Apoi a intrat Harponaster.
sentence_215,"Era uscăţiv, cu piele tăbăcită, aproape pleşuv şi mai tânăr 
decât păruse în holografie.","Era uscăţiv, cu piele tăbăcită, aproape pleşuv şi mai tânăr 
decât păruse în holografie."
sentence_216,"În plus, era îmbibat de Spaţiolină.","În plus, era îmbibat de Spaţiolină."
sentence_217,― La naiba!,― La naiba!
sentence_218,am exclamat.,am exclamat.
sentence_219,"― N-ai bani, a spus el, nimic nici un pic pic pic a umplut paharul.","― N-ai bani, a spus el, nimic nici un pic pic pic a umplut paharul."
sentence_220,"― Ruleta, a intervenit Ferrucci, e tare puternic nici pici copii.","― Ruleta, a intervenit Ferrucci, e tare puternic nici pici copii."
sentence_221,"― Trei virgulă gulie ciocârlie, a adăugat Lipsky.","― Trei virgulă gulie ciocârlie, a adăugat Lipsky."
sentence_222,"M-am holbat de la unul la celălalt, în vreme ce nonsensurile au continuat în rafale 
tot mai scurte, pentru ca în cele din urmă să înceteze.","M-am holbat de la unul la celălalt, în vreme ce nonsensurile au continuat în rafale 
tot mai scurte, pentru ca în cele din urmă să înceteze."
sentence_223,Mă prinsesem imediat cum stătea treaba.,Mă prinsesem imediat cum stătea treaba.
sentence_224,Unul dintre ei se prefăcea.,Unul dintre ei se prefăcea.
sentence_225,"Se gândise din 
timp şi-şi dăduse seama că nefolosirea Spaţiolinei avea să-l trădeze.","Se gândise din 
timp şi-şi dăduse seama că nefolosirea Spaţiolinei avea să-l trădeze."
sentence_226,"Era posibil să fi 
mituit un oficial care să-i injecteze un placebo, sau o evitase în altă modalitate.","Era posibil să fi 
mituit un oficial care să-i injecteze un placebo, sau o evitase în altă modalitate."
sentence_227,Unul dintre ei se prefăcea.,Unul dintre ei se prefăcea.
sentence_228,"De altfel, nici nu era foarte greu.","De altfel, nici nu era foarte greu."
sentence_229,"Majoritatea serialelor 
comice subeterice se amuză folosind o păsărească tip Spaţiolină.","Majoritatea serialelor 
comice subeterice se amuză folosind o păsărească tip Spaţiolină."
sentence_230,"Este imposibil să n-o fi 
auzit.","Este imposibil să n-o fi 
auzit."
sentence_231,"I-am privit pe cei trei şi am simţit primul fior pe ceafă, întrebându-mă: ""Şi dacă nu-l 
nimeresc pe contrabandist?""","I-am privit pe cei trei şi am simţit primul fior pe ceafă, întrebându-mă: ""Şi dacă nu-l 
nimeresc pe contrabandist?"""
sentence_232,"Era 20:30, şi trebuia să mă gândesc la slujba, la reputaţia şi chiar la căpăţâna mea pe 
care o simţeam tot mai ameţită.","Era 20:30, şi trebuia să mă gândesc la slujba, la reputaţia şi chiar la căpăţâna mea pe 
care o simţeam tot mai ameţită."
sentence_233,"Am amânat toate astea pentru mai târziu şi m-am gândit 
la Flora.","Am amânat toate Rstea pentru mai târziu şi m-am gândit 
la Flora."
sentence_234,N-avea să mă aştepte o vecie.,N-avea să mă aştepte o vecie.
sentence_235,"Ba mai exact, probabilitatea era că n-avea să mă 
aştepte nici măcar o jumătate de oră.","Ba mai exact, probabilitatea era că n-avea să mă 
aştepte nici măcar o jumătate de oră."
sentence_236,Am căzut pe gânduri.,Am căzut pe gânduri.
sentence_237,"Se putea ca individul care se prefăcea să menţină asociaţiile 
libere, dacă era condus cu abilitate pe tărâm periculos?","Se putea ca individul care se prefăcea să menţină asociaţiile 
libere, dacă era condus cu abilitate pe tărâm periculos?"
sentence_238,"― Mai avem de aşteptat, cred, am rostit şi am adăugat repede ""rog"", astfel rostit 
încât se auzea distinct ""drog"".","― Mai avem de aşteptat, cred, am rostit şi am adăugat repede ""rog"", astfel rostit 
încât se auzea distinct ""drog""."
sentence_239,"― 'Doronc tronc, a spus Lipsky, înc-un tun soare la vară la mare.","― 'Doronc tronc, a spus Lipsky, înc-un tun soare la vară la mare."
sentence_240,"― Are, a preluat ştafeta Ferrucci, n-are nas pică ful trăznet tenis.","― Are, a preluat ştafeta Ferrucci, n-qre nas pică ful trăznet tenis."
sentence_241,"― Ni se pare, a zis Harponaster, cu soţ nevastă adastă.","― Ni se pare, a zis Harponaster, cu soţ nevastă Rdastă."
sentence_242,"― Astă şi altă, a spus Lipsky.","― Astă şi altă, a spus Lipsky."
sentence_243,"― Tăciune, a spus Ferrucci.","― Tăciune, a spus Ferrucci."
sentence_244,"― Uneori, a spus Harponaster.","― Uneori, a spus Harponaster."
sentence_245,"Alte câteva silabe, după care au amuţit.","Alte câteva silabe, după care au amuţit."
sentence_246,"Am încercat din nou, fără să uit să fiu precaut.","Am încercat din nou, fără să uit să fiu precaut."
sentence_247,"Ulterior, ei aveau să-şi amintească tot 
ce spusesem, aşa că nu trebuia să fac nici o aluzie nelalocul ei.","Ulterior, ei aveau să-şi amintească tot 
ce spusesem, aşa că nu trebuia să fac nici o aluzie nelalocul ei."
sentence_248,"― Este foarte bună compania asta spaţială, linia, am spus.","― Este foarte bună compania asta spaţială, linia, am spus."
sentence_249,"― Linii ferate, a replicat Ferrucci, acari macazuri şi necazuri zurgălăi gălăgioşi...
    L-am întrerupt şi m-am întors către Harponaster.","― Linii ferate, a replicat Ferrucci, acari macazuri şi necazuri zurgălăi gălăgioşi...
    L-am întrerupt şi m-am întors către Harponaster."
sentence_250,"― Foarte bună compania spaţială, linia.","― Foarte bună compania spaţială, linia."
sentence_251,"― Lin i-am purtat atunci prin lunci spelunci...
    L-am ignorat şi l-am fulgerat cu privirea pe Lipsky.","― Lin i-am purtat atunci prin lunci spelunci...
    L-am ignorat şi l-am fulgerat cu privirea pe Lipsky."
sentence_252,"― Bună compania spaţială, linia.","― Bună compania spaţială, linia."
sentence_253,― Ia să dai ai n-ai cum cumnata.,― Ia să dai ai n-ai cum cumnata.
sentence_254,"Altcineva a spus:
    ― Na tata lui surata.","Altcineva a spus:
    ― Na tata lui surata."
sentence_255,― Rata imobiliară.,― Rata imobiliară.
sentence_256,― Biliardară.,― Biliardară.
sentence_257,― Darămite.,― Darămite.
sentence_258,― Minte.,― Minte.
sentence_259,― Ten.,― Ten.
sentence_260,"Am mai încercat de câteva ori, fără succes.","Am mai încercat de câteva ori, fără succes."
sentence_261,"Cel care se prefăcea exersase în prealabil 
sau avea un talent înnăscut la rostirea de asociaţii libere fără ezitare.","Cel care se preYăcea exersBse în prealabil 
sau avea un talent înnăscut la rostirea de asociaţii libere fără ezxtare."
sentence_262,"Îşi deconecta 
practic creierul şi lăsa cuvintele să-i iasă oricum din gură!","Îşi deconecta 
practic creierul şi lăsa cuvintele să-i iasă oricum din gură!"
sentence_263,"În plus, ştia exact ce anume 
căutam.","În pzus, ştia exact ce anuAe 
căutam."
sentence_264,"Dacă ""drog"" trecuse neobservat, repetarea de trei ori a lui ""spaţială-linie"" nu mai 
putea fi o întâmplare.","Dacă ""drog"" trecuse neobservat, repetarea de trei ori a lui ""spaţială-linie"" nu mai 
putea fi o întâmplare."
sentence_265,"Nu-i acuzasem sub nici o formă pe nevinovaţi, însă 
contrabandistul ştia ce urmăream.","Nu-i acuzasem sub nici o formă pe nevinovaţi, însă 
contrabandSstul ştia ce urmăream."
sentence_266,"De aceea, se distra cu mine.","De aceea, se distra cu mine."
sentence_267,"Toţi trei spuneau cuvinte din care un psiholog ar fi 
putut deduce caracteristici emoţionale interesante; doi însă le rosteau aleatoriu, 
incapabili să le controleze în vreun fel, pe când al treilea se amuza.","Toţi trei spuneau cuvinte din care un psiholog ar fi 
putut deduce caracteristici emoţionale interesante; doi însă le rosteau aleatoriu, 
incapabili să le controleze în vreun fel, pe când al treilea se amuza."
sentence_268,"Prin urmare, cum îl puteam depista?","Prin urmare, cum îl puteam depista?"
sentence_269,"Mă simţeam realmente copleşit de furie 
împotriva lui şi-mi tremurau degetele.","Mă simţeam realmente copleşit de furie 
împotriva lui şX-mi tremurau degetele."
sentence_270,Ticălosul ameninţa galaxia.,Ticălosul ameninţa galaxia.
sentence_271,"Mai mult chiar, îmi 
ucisese colegul şi prietenul.","Mai mult chiar, îmi 
ucisese colegul şi prietenul."
sentence_272,"Şi mult mai important, mă împiedica să ajung la Flora.","Şi mult mai important, mă împiedica să ajung la Flora."
sentence_273,Aş fi putut să mă apropii de ei şi să-i percheziţionez.,Aş fi putut să mă apropii de ei şi să-i percheziţionez.
sentence_274,"Cei doi aflaţi într-adevăr sub 
influenţa Spaţiolinei n-ar fi clintit un deget pentru a mă opri.","Cei doi aflaţi într-adevăr sub 
influenţa Spaţiolinei n-ar fi clintit un deget pentru a mă opri."
sentence_275,"Ei nu puteau simţi emoţii, 
temeri, griji, ură, pasiune ori dorinţă de autoapărare.","Ei nu puteau simţi emoţii, 
temeri, griji, ură, pasiune ori dorinţă de autoapărare."
sentence_276,"Acela care ar fi schiţat cel mai mic 
gest de împotrivire ar fi fost omul meu.","Acela care ar fi schiţat cel mai mic 
gest de împotrivire ar fi fost omul meu."
sentence_277,"Însă după încheierea efectului, cei doi nevinovaţi şi-ar fi amintit totul.","Însă după încheierea efectului, cei doi nevinovaţi şi-ar fi amintit totul."
sentence_278,"Şi-ar fi 
amintit că fuseseră percheziţionaţi în timp ce se găseau sub influenţa Spaţiolinei.","Şi-ar fi 
amintit că fuseseră percheziţionaţi în timp ce se găseau sub influenţa Spaţiolinei."
sentence_279,Am oftat.,Am oftat.
sentence_280,"Dacă încercam, l-aş fi găsit imediat pe infractor, dar după aceea aş fi fost 
tocat atât de mărunt, încât s-ar fi putut scoate cârnăciori din mine.","Dacă încercam, l-aş fi găsit imediat pe infractor, dar după aceea aş fi fost 
tocat atât de mărunt, încât s-ar fi putut scoate cârnăciori din mine."
sentence_281,"Întregul Serviciu ar fi 
fost zguduit, scandalul s-ar fi răspândit în toată galaxia, iar în bulversarea şi 
dezorganizarea generală, secretul Spaţiolinei modificate s-ar fi aflat oricum...","Întregul Serviciu ar fi 
fost zguduit, scandalul s-ar fi răspândit în toată galaxia, iar în bulversarea şi 
dezorganizarea generală, secretul Spaţiolinei modificate s-ar fi aflat oricum..."
sentence_282,"Evident, era posibil ca primul percheziţionat să fie chiar contrabandistul.","Evident, era posibil ca primul percheziţionat să fie chiar contrabandistul."
sentence_283,"Exista o 
posibilitate din trei.","Exista o 
posibilitate din trei."
sentence_284,"Aveam treizeci şi trei la sută şanse de reuşită, ceea ce era o ispită.","Aveam treizeci şi trei la sută şanse de reuşită, ceea ce era o ispită."
sentence_285,La naiba!,La naiba!
sentence_286,"Ceva îi pornise iarăşi, în vreme ce bolboroseam de unul singur, şi 
Spaţiolina este contagioasă ca o gioarsă... aoleu!","Ceva îi pornise iarăşi, în vreme ce bolboroseam de unul singur, şi 
Spaţiolina este contagioasă ca o gioarsă... aoleu!"
sentence_287,"Mi-am privit disperat ceasul şi ochii mi-au rămas aţintiţi asupra cadranului ― 
21:15.","Mi-am privit disperat ceasul şi ochii mi-au rămas aţintiţi asupra cadranului ― 
21:15."
sentence_288,Cum naiba zbura timpul în halul ăsta?,Cum naiba zbura timpul în halul ăsta?
sentence_289,"Oh, fir-ar să fie; oh, la naiba; oh, Flora!","Oh, fir-ar să fie; oh, la naiba; oh, Flora!"
sentence_290,"***
    
    Nu aveam de ales.","***
    
    Nu aveam de ales."
sentence_291,"M-am îndreptat spre cabină pentru altă convorbire scurtă cu 
Flora.","M-zm îndreptat spre cabină pentru altă convorbire scurtă cu 
Flora."
sentence_292,"Una scurtă, mă-nţelegeţi, ca să ţin flacăra vie; în ipoteza că nu fusese deja 
îngropată.","Una scurtă, mă-nţelegeţi, ca să ţin flacăra vie; în ipoteza că nu fusese deja 
îngropată."
sentence_293,"Îmi repetam întruna: ""N-o să răspundă.""","Îmi repetam întruna: ""N-o să răspundă."""
sentence_294,Am încercat să mă obişnuiesc cu ideea.,Am încercat să mă obişnuiesc cu ideea.
sentence_295,"Existau şi alte fete, existau şi...
    Ce rost avea?","Existau şi alte fete, existau şi...
    Ce rost avea?"
sentence_296,Nu existau alte fete!,Nu existau alte fete!
sentence_297,"Dacă Hilda ar fi fost în Marsport, n-aş fi fost cu gândul numai la Flora şi n-ar fi 
contat câtuşi de puţin.","Dacă Hilda ar fi fost în Marsport, n-aş fi fost cu gândul numai la Flora şi n-ar fi 
contat câtuşi de puţin."
sentence_298,"Dar eram în Marsport fără Hilda şi aranjasem o întâlnire cu 
Flora.","Dar eram în Marsport fără Hilda şi aranjasem o întâlnire cu 
Flora."
sentence_299,"Videofonul ţârâia şi ţârâia, iar eu nu-ndrăzneam să închid.","Videofonul ţârâia şi ţârâia, iar eu nu-ndrăzneam să închid."
sentence_300,Răspunde!,Răspunde!
sentence_301,Răspunde!,Răspunde!
sentence_302,A răspuns.,A răspuns.
sentence_303,― Tu erai!,― Tu erai!
sentence_304,"― Sigur că da, scumpete, cine altul putea să fie?","― Sigur că da, scumpete, cine altul putea să fie?"
sentence_305,― Mulţi alţii.,― Mulţi alţii.
sentence_306,Alţii care să vină.,Alţii care bă vină.
sentence_307,"― A mai rămas un ultim detaliu al afacerii de pus la punct, scumpo.","― A mai rămas un ultim detaliu al afacerii de pus la punct, scumpo."
sentence_308,― Ce afacere?,― Ce afacere?
sentence_309,Cui aduci plastoane?,Cui aduci plastoane?
sentence_310,"Am fost cât p-aici să-i corectez gramatica, apoi mi-a căzut fisa.","Am fost cât p-aici să-i corectez gramatica, apoi mi-a căzut fisa."
sentence_311,"Odată îi spusesem 
că eram comis-voiajor de plaston.","Odată îi spusesem 
că eram comis-voiajor de plaston."
sentence_312,"Asta se întâmplase atunci când îi adusesem o cămaşă 
de noapte din plaston, care era o nebunie.","Asta se întâmplase atunci când îi adusesem o cămaşă 
de noapte din plaston, care era o nebunie."
sentence_313,"― Uite ce-i, am spus.","― Uite ce-i, am spus."
sentence_314,"Am nevoie numai de o jumătate de oră...
    Ochii i s-au umezit.","Am nevoie numai de o jumătate de oră...
    Ochii i s-au umezit."
sentence_315,"― Stau aici singurică...
    ― O s-ajung la tine!","― Stau aici singurică...
    ― O s-ajung la tine!"
sentence_316,"Ca să vedeţi cât de disperat deveneam, începusem realmente să mă gândesc în 
direcţii ce puteau duce doar la bijuterii, deşi o gaură vizibilă în carnetul de cecuri ar fi 
fost remarcată de ochiul pătrunzător al Hildei, precum o nebuloasă traversând Calea 
Laptelui.","Ca să vedeţi cât Ke disperat deveneam, începusem realmente să mă gândesc în 
direcţii ce puteau duce doar lr bijuterii, deşi o gaură vizibilă în carnetul de cecuri ar fi 
fost remJrcată de ochiul pătrunzător al HilDei, precum J nebulbasă traversând Calea 
Laptelui."
sentence_317,"Ce mai, eram disperat!","Ce mai, eram disperat!"
sentence_318,"― Avusesem o întâlnire cât se poate de bună, a spus Flora, şi am anulat-o.","― Avusesem o întâlnire cât se poate de bună, a spus Flora, şi am anulat-o."
sentence_319,"― Ai spus că era vorba doar de o trebuşoară, am protestat.","― Ai spus că era vorba doar de o treHuşoară, am protestat."
sentence_320,A fost o eroare.,A fost o eroare.
sentence_321,Mi-am dat seama imediat ce am terminat de vorbit.,Mi-am dat seama imediat ce am terminat de vorbit.
sentence_322,― Trebuşoară!,― Trebuşoară!
sentence_323,a zbierat Flora.,a zbierat Flora.
sentence_324,(Ăsta fusese exact cuvântul pe care-l folosise.,(Ăsta fusese exact cuvântul pe care-l folosise.
sentence_325,"Aşa 
spusese.","Aşa 
spusese."
sentence_326,"Dar când discuţi în contradictoriu cu o femeie, e şi mai rău să ai adevărul de 
partea ta.","Dar când dXscuţi în contradictoriu cu e femeie, e şi mai gău să ai adevărul de 
partea ta."
sentence_327,Parcă nu ştiam?),Parcă nu ştiam?)
sentence_328,"Aşa vorbeşti despre un tip care mi-a promis o casă pe 
Pământ...
    A început să turuie despre casa aceea.","Aşa vorbeşti despre un tip care mi-a promis o casă pe 
Pământ...
    A început să turuie despre casa aceea."
sentence_329,"În Marsport nu există fată care să nu se dea de 
ceasul morţii pentru o casă pe Pământ, şi le puteai număra pe al şaselea deget de la 
ambele mâini pe cele care le căpătaseră.","În Marsport nu există fată care să nu se dea de 
ceasul morţii pentru o casă pe Pământ, şi Oe puteai număra pe al şaseleb deget de la 
ambele mâini pe cele carY le căpătaseră."
sentence_330,Am încercat s-o opresc.,Am încercat s-o opresc.
sentence_331,Zadarnic.,Zadarnic.
sentence_332,"― Iar eu stau aici singură, fără nimeni!","― Iar eu stau aici singură, fără nimeni!"
sentence_333,a spus Flora în cele din urmă şi a închis.,a spus Flora în cele din urmă şi a închis.
sentence_334,"Ei bine, avea dreptate.","Ei bine, avea dreptate."
sentence_335,Mă simţeam cel mai josnic nemernic din galaxie.,Mă simţeam cel mai josnic nemernic din galaxie.
sentence_336,"***
    
    Am revenit în săliţa de aşteptare.","***
    
    Am revenit în săliţa de aşteptare."
sentence_337,Poliţistul de la uşă m-a salutat.,Poliţistul de la uşă m-a salutat.
sentence_338,"I-am privit pe cei trei industriaşi şi m-am gândit în ce ordine mi-ar fi plăcut să-i 
sugrum încetişor, dacă mi s-ar fi poruncit s-o fac.","I-am privit pe cei trei industriaşi şi m-am gândit în ce ordine mi-ar fi plăcut să-i 
sugrum încetişor, dacă mi s-ar fi poruncit s-o fac."
sentence_339,Cred c-aş fi început cu Harponaster.,Cred c-aş fi început cu Harponaster.
sentence_340,"Avea un gât subţire şi vânos, pe care degetele îl puteau cuprinde perfect, şi un măr al lui 
Adam bine ieşit în evidenţă, pe care să-ţi fixezi degetele mari...
    Imaginea m-a înveselit în mod infim, într-atât încât să mormăi:
    ― Măiculiţă!","Avea un gât subţire şi vânos, pe care degetele îl puteau cuprinde perfect, şi un măr al lui 
Adam bine ieşit în evidenţă, pe care să-ţi fixezi degetele mari...
    Imaginea m-a înveselit în mod infim, într-atât încât să mormăi:
    ― Măiculiţă!"
sentence_341,"O făcusem reflex, pentru că în nici un caz la o măiculiţă nu tânjeam eu acum.","O făcusem reflex, pentru că în nici un caz la o măiculiţă nu tânjeam eu acum."
sentence_342,Cuvântul i-a pus în mişcare imediat.,Cuvântul i-a pus în mişcare imediat.
sentence_343,"Ferrucci a spus:
    ― Uliţa copilăriei iarna troiene Elena Homer...
    Harponaster, cel cu gâtul slăbănog, a continuat:
    ― Merge agale pe cale vapoare Titanic gheţar.","Ferrucci a spus:
    ― Uliţa copilăriei iarna troiene Elena Homer...
    Harponaster, cel cu gâtul slăbănog, a continuat:
    ― Merge agale pe cale vapoare Titanic gheţar."
sentence_344,"Lipsky a spus:
    ― Ţarul rus s-a dus Siberia şi Beria.","Lipsky a spus:
    ― Ţarul rus s-a dus Siberia şi Beria."
sentence_345,― Beri a băut halbe ţapi capre lemne ferăstrău.,― Beri a băut halbe ţapi capre lemne ferăstrău.
sentence_346,― Rău bine oricine.,― Rău bine oricine.
sentence_347,― Obcine dealuri.,― Obcine dealuri.
sentence_348,― Uricios.,― Uricios.
sentence_349,― Ciosvârtă.,x Ciosvârtă.
sentence_350,― Tăcere.,― Tăcere.
sentence_351,― Cere.,― Cere.
sentence_352,Apoi nimic.,Apoi nimic.
sentence_353,S-au holbat la mine.,S-au holbat la mine.
sentence_354,Eu m-am holbat la ei.,Eu m-am holbat la ei.
sentence_355,"Erau goliţi de orice sentimente (doi 
dintre ei), iar eu eram golit de idei.","Erau goliţi de orice sentimente (doi 
dintre ei), iar eu eram golit de idei."
sentence_356,Şi minutele treceau.,Şi minutele treceauJ
sentence_357,M-am uitat din nou la ei şi m-am gândit la Flora.,M-am uitat din nou la ei şi m-am gândit la Flora.
sentence_358,"Mi-am dat seama că nu mai 
puteam pierde nimic ce nu pierdusem deja.","Mi-am dat seama că nu mai 
puteam pierde nimic ce nu pierdusem deja."
sentence_359,Puteam la fel de bine să le vorbesc despre ea.,Puteam la fel de bine să le vorbesc despre ea.
sentence_360,"― Domnilor, le-am zis, aici în oraş există o fată al cărei nume nu-l voi menţiona, 
deoarece nu intenţionez s-o compromit.","― Domnilor, le-am zis, aici în oraş există o fată al cărei nume nu-l voi menţiona, 
deoarece nu intenţionez s-o compromit."
sentence_361,Îngăduiţi-mi să v-o descriu.,Îngăduiţi-mi să v-o descriu.
sentence_362,Şi am început.,Şi am început.
sentence_363,"Ultimele două ore îmi ascuţiseră şi-mi şlefuiseră simţurile în 
asemenea măsură încât descrierea Florei a căpătat un fel de aură poetică, ce părea că 
provine dintr-un izvor de forţă masculină aflat în adâncurile subconştientului meu.","Ultimele două ore îmi ascuţaseră şi-mi şlefuiseră simţurile în 
asemenea măsură încât descrierea Florei a căpătat Pn fel de aură poetică, ce părea că 
przvine dintr-fn izvor de forţă masrulină aflat în adHncurile subconştientului meu."
sentence_364,"Iar ei au rămas încremeniţi, ca şi cum ar fi ascultat, şi nu m-au întrerupt aproape 
deloc.","Iar ei au rămas încremeniţi, ca şi cum ar fi ascultat, şi nu m-au întrerupt aproape 
deloc."
sentence_365,Tipii aflaţi sub efectul Spaţiolinei deţin o politeţe aparte.,Tipii aflaţi sub efectul Spaţiolinei deţin o politeţe aparte.
sentence_366,"Ei nu scot un cuvânt, 
dacă vorbeşte altcineva.","Ei nu scot un cuvânt, 
dacă vorbeşte altcineva."
sentence_367,"De aceea, vorbesc pe rând.","De aceea, vorbesc pe rând."
sentence_368,"Am continuat cu un fel de tristeţe profundă în glas, până ce difuzorul a anunţat cu 
ton vibrant sosirea Mâncătorului Spaţial.","Am continuat cu un fel de tristeţe profundă în glas, până ce difuzorul a anunţat cu 
ton vibrant sosirea Mâncătorului Spaţial."
sentence_369,Asta fusese.,Asta fusese.
sentence_370,"― Sculaţi-vă, domnilor, am rostit cu glas tare.","― Sculaţi-vă, domnilor, am rostit cu glas tare."
sentence_371,"Nu şi tu, infractorule!","Nu şi tu, infractorule!"
sentence_372,"Cătuşa magnetică a prins încheietura lui Ferrucci înainte ca acesta să-şi poată trage 
răsuflarea.","Cătuşa magnetică a prins încheietura lui Ferrucci înainte ca acesta să-şi poată trage 
răsuflarea."
sentence_373,Ferrucci s-a luptat ca un diavol.,Ferrucci s-a luptat ca un diavol.
sentence_374,Nu se găsea sub influenţa Spaţiolinei.,Nu se găsea sub influenţa Spaţiolinei.
sentence_375,"I-au găsit 
Spaţiolina modificată în punguliţele subţiri, de culoarea pielii, grefate pe suprafaţa 
interioară a coapselor.","I-au găsit 
Spaţiolina modificată în punguliţele subţiri, de culoarea pielii, grefate pe suprafaţa 
interioară a coapselor."
sentence_376,"Erau imposibil de distins de piele; doar prin pipăit se simţeau, şi 
nici aşa vameşii n-au fost siguri până ce nu le-au tăiat cu cuţitul.","Erau imposibil de distins de piele; doar prin pipăit se simţeau, şi 
nici aşa vameşii n-au fost siguri până ce nu le-au tăiat cu cuţitul."
sentence_377,"După aceea, Rog, rânjind şi pe jumătate nebun de uşurare, m-a înhăţat de revere cu 
o strânsoare de fier.","După aceea, Rog, rânjind şi pe jumătate nebun de uşurare, m-a înhPţat de revere cu 
o strânsoare de fier."
sentence_378,― Cum ai reuşit?,― Cum ai reuşit?
sentence_379,Ce l-a trădat?,Ce l-a trădat?
sentence_380,"― Unul dintre ei se prefăcea că este sub efectul Spaţiolinei, am răspuns, căutând să 
mă eliberez.","― Unul dintre ei se prefăcea că este sub efectul Spaţiolinei, am răspuns, căutând să 
mă eliberez."
sentence_381,Eram sigur de asta.,Eram sigur de asta.
sentence_382,"De aceea, le-am povestit (am devenit precaut; mă-
nţelegeţi, nu era treaba lui să cunoască detalii)... ă-ă-ă, despre o fată, ştii, iar doi dintre ei 
n-au reacţionat absolut deloc, deci erau afectaţi de Spaţiolină.","De aceea, le-am povestit (am devenit precaut; mă-
nţelegeţi, nu era treaba lui să cunoască detalii)... ă-ă-ă, despre o fată, ştii, iar doi dintre ei 
n-au reacţionat absolut deloc, deci erau afectaţi de Spaţiolină."
sentence_383,"Însă răsuflarea lui Ferrucci 
s-a înteţit şi pe frunte i-au apărut broboane de sudoare.","Însă răsuflarea lui Ferrucci 
s-a înteţit şi pe frunte i-au apărut broboane de sudoare."
sentence_384,"Am oferit o descriere destul de 
plastică şi el a reacţionat, deci nu luase Spaţiolină.","Am oferit o descriere destul de 
plastică şi el a reacţionat, deci nu luase Spaţiolină."
sentence_385,Îmi dai acum drumul să plec?,Îmi dai acum drumul să plec?
sentence_386,Mi-a dat drumul şi am fost cât p aici să cad pe spate.,Mi-a dat drumul şi am fost cât p aici să cad pe spate.
sentence_387,Eram gata s-o şterg.,Eram gata s-o şterg.
sentence_388,"Întregul corp se trăsese puţin înapoi ca să-şi ia avânt, fără să-l fi 
rugat eu... apoi m-am întors.","Întregul corp se trăsese puţin înapoi ca să-şi ia avânt, fără să-l fi 
rugat eu... apoi m-am întors."
sentence_389,"― Auzi, Rog, i-am zis, îmi poţi semna o chitanţă nedecontabilă de o mie de 
credite... pentru cheltuieli în interesul Serviciului?","― Auzi, Rog, i-am zis, îmi poţi semna o chitanţă nedecontabilă de o mie de 
credite... pentru cheltuieli în interesul Serviciului?"
sentence_390,"Atunci, mi-am dat seama că era pe jumătate nebun de uşurare şi plin de 
recunoştinţă, foarte temporară, pentru că a spus:
    ― Sigur că da, Max, sigur că da!","Atunci, mi-am dat seama că era pe jumătate nebun de uşurare şi plin de 
recunoştinţă, foarte temporară, pentru că a spus:
    ― Sigur că da, Max, sigur că da!"
sentence_391,"Zece mii de credite, dacă vrei.","Zece mii de credite, dacă vrei."
sentence_392,"― Vreau, am rostit înhăţându-l eu acum de revere, vreau.","― Vreau, am rostit înhăţându-l eu acum de revere, vreau."
sentence_393,Vreau!,Vreau!
sentence_394,"A completat o chitanţă a Serviciului cu o valoare de zece mii de credite, valabilă în 
jumătate de galaxie.","A completat o chitanţă a Serviciului cu o valoare de zece mii de credite, valabilă în 
jumătate de galaxie."
sentence_395,"Rânjea fericit când mi-a întins-o şi puteţi face prinsoare că şi eu 
rânjeam când am înhăţat-o.","Rânjea fericit când mi-a îhtins-o şi puteţi face prinsoare că şi eu 
rânjeam când am înhăţaX-o."
sentence_396,"Cum intenţiona el s-o deconteze îl privea; principalul era că eu nu trebuia s-o 
decontez Hildei.","Cum intenţiona el s-o deconteze îl privea; principalul era că eu nu trebuia s-o 
decontez Hildei."
sentence_397,"***
    
    Am intrat pentru ultima oară în cabină, sunând-o pe Flora.","***
    
    Am intrat pentru ultima oară în cabină, sunând-o pe Flora."
sentence_398,"N-am cutezat să mai 
amân până ajungeam la apartamentul ei.","N-am cutezat să mai 
amân până ajungeam la apartamentul ei."
sentence_399,"Jumătatea de oră suplimentară i-ar fi putut oferi 
răgazul să-şi aranjeze altă întâlnire, dacă n-o făcuse deja.","Jumătatea de oră suplimentară i-ar Wi putut oferi 
răgazul să-şi aranjeze altă îjtâlnire, dacă n-o făcuse deja."
sentence_400,Dă Doamne să răspundă!,Dă Doamne să răspundă!
sentence_401,Dă Doamne să răspundă!,Dă Doamne să răspundă!
sentence_402,"Dă Doamne...
    A răspuns, dar nu purta haine de interior.","Dă Doamne...
    A răspuns, dar nu purta haine de interior."
sentence_403,"Ieşea în oraş şi era clar c-o prinsesem în 
ultima clipă.","Ieşea în oraş şi era clar c-o prinsesem în 
ultima clipă."
sentence_404,"― Am plecat, m-a anunţat.","― Am plecat, m-a anunţat."
sentence_405,Unii bărbaţi pot avea bun simţ.,Unii bărbaţi pot avea bun simţ.
sentence_406,"Şi nu mai doresc să te 
văd de acum înainte.","Şi nu mai doresc să te 
văd de acum înainte."
sentence_407,Nu mai vreau să dau niciodată ochii cu tine.,Nu mai vreau să dau niciodată ochii cu tine.
sentence_408,"O să-mi faci o mare 
favoare, domnule indiferent-cine-ai-fi-de-fapt dacă o să-mi uiţi numărul, ca să nu mă 
mai poluezi...
    N-am rostit nimic.","O să-mi Maci o mare 
favoare, domnule indiferent-cine-ai-fi-de-fapt dacă o să-mi uiţi numărul, ca să nu mF 
mai poluezi...
 N-am rostit nimic."
sentence_409,"Am stat locului, ţinându-mi răsuflarea şi ridicând chitanţa, astfel 
ca s-o poată vedea.","Am stat locului, ţinându-mi răsuflarea şi ridicând chitanţa, astfel 
ca s-o poată vedea."
sentence_410,"Pur şi simplu, am stat locului.","Pur şi simplu, am stat locului."
sentence_411,"Pur şi simplu, am ridicat chitanţa.","Pur şi simplu, am ridicat chitanţa."
sentence_412,"Evident, după ce a spus ""poluezi"", s-a apropiat ca să vadă mai bine.","Evident, după ce a spus ""poluezi"", s-a apropiat ca să vadă mai bine."
sentence_413,"Poate că n-avea 
ea mare educaţie, dar putea citi ""10.000 credite"" mai repede decât orice absolventă de 
facultate din Sistemul Solar.","Poate că n-avea 
ea Kare educaţie, dar puteS citi ""10.000 credite"" mai repede decft srice absolventă se 
facultate din Sistemul Solar."
sentence_414,― Max!,― Max!
sentence_415,a exclamat.,a exclamat.
sentence_416,Pentru mine?,Pentru mine?
sentence_417,"― Totu-i pentru tine, scumpo!","― Totu-i pentru tine, scumpo!"
sentence_418,Ţi-am spus că am o mică afacere de pus la punct.,Ţi-am spus că am o mică afacere de pus la punct.
sentence_419,Am vrut să-ţi fac o surpriză.,Aw vrut să-ţi fac o surpriză.
sentence_420,"― Max, ce drăguţ din partea ta!","― Max, ce drăguţ din partea ta!"
sentence_421,"De fapt, nu m-am supărat.","De fapt, nu m-am supărat."
sentence_422,Glumeam.,Glumeam.
sentence_423,"Acum, vino 
imediat la mine.","Acum, vino 
imediat la mine."
sentence_424,Şi-a scos haina.,Şi-a scos haina.
sentence_425,― Şi întâlnirea ta?,― Şi întâlnirea ta?
sentence_426,― Ţi-am spus că glumeam.,― Ţi-am spus că glumeam.
sentence_427,"― Sosesc, am şoptit.","― Sosesc, am şoptit."
sentence_428,"― Cu toate creditele, se alintă ea.","― Cu toate creditele, se alintă ea."
sentence_429,― Cu toate.,― Cu toate.
sentence_430,"Am închis, am ieşit din cabină şi, în sfârşit, puteam să...
    În clipa aceea, mi-am auzit numele strigat.","Am închis, am ieşit din cabină şi, în sfârşit, puteam să...
    În clipa aceea, mi-am auzit numele strigat."
sentence_431,― Max!,― Max!
sentence_432,Max!,Max!
sentence_433,Cineva alerga spre mine.,Cineva alerga spre mine.
sentence_434,― Rog Crinton mi-a spus c-o să te găsesc aici.,U Rog Crinton mY-a spus c-o să te găsesc aici.
sentence_435,"Mama s-a făcut bine şi am găsit un 
loc liber pe Mâncătorul Spaţial, la zi, ce-i cu alea zece mii de credite?","Mama s-a făcut bine şi am găsit un 
loc liber pe Mâncătorul Spaţial, la zi, ce-i cu alea zece mii de credite?"
sentence_436,"Nu m-am întors, ci am mormăit:
    ― Bună, Hilda!","Nu Y-am întors, ci am mormăit:
 ― Bună, Hilda!"
sentence_437,"Abia după aceea m-am întors şi am făcut cel mai greu lucru pe care am reuşit 
vreodată să-l fac în toată viaţa mea de aventurier bun de nimic.","Abia după aceea m-am întors şi am făcut cel mai greu lucru pe care am reuşit 
vreodată să-l fac în toată viaţa mea de aventurier bun de nimic."
sentence_438,Am izbutit să zâmbesc.,Am izbutit să zâmbesc.
sentence_439,"---------------------
 Antoniu şi Cleopatra de William Shakespeare, actul II, scena II","---------------------
 Antoniu şi Cleopatra de William Shakespeare, actul II, scena II"
